new_filename,class_id
00002,4
00011,103
00052,7
00061,31
00062,1
00064,36
00065,68
00075,32
00078,108
00086,50
00090,29
00092,25
00109,0
00110,7
00112,59
00128,2
00139,0
00150,91
00151,108
00155,115
00157,5
00158,21
00159,16
00166,44
00167,115
00202,125
00213,9
00216,50
00228,81
00235,105
00246,39
00251,76
00274,13
00279,16
00280,34
00283,42
00293,59
00296,17
00298,103
00303,108
00316,119
00322,24
00341,11
00346,128
00352,44
00354,82
00359,28
00372,40
00377,13
00381,13
00391,9
00394,16
00426,90
00427,42
00430,2
00439,81
00442,85
00447,107
00450,42
00460,26
00462,15
00478,23
00488,18
00492,82
00503,69
00509,112
00512,107
00518,61
00519,1
00523,62
00524,0
00528,20
00533,70
00537,9
00559,108
00566,53
00567,129
00570,36
00572,88
00579,109
00582,28
00587,57
00613,3
00641,79
00652,48
00744,68
00747,50
00755,28
00778,8
00779,108
00780,20
00797,36
00798,40
00800,45
00807,1
00815,67
00821,13
00825,33
00828,39
00836,29
00844,2
00851,69
00857,73
00859,34
00864,33
00870,65
00889,25
00893,88
00909,2
00912,28
00925,94
00939,74
00943,128
00945,25
00948,26
00949,19
00950,32
00952,36
00962,7
00964,87
00988,4
00992,44
00995,14
01003,40
01007,42
01019,28
01028,29
01031,68
01046,19
01050,73
01057,10
01067,15
01069,118
01081,57
01085,9
01097,68
01118,92
01121,4
01123,106
01127,84
01133,25
01143,75
01151,76
01170,98
01171,4
01175,82
01183,85
01202,73
01208,29
01211,10
01217,87
01219,96
01220,118
01234,18
01235,42
01238,41
01253,64
01254,116
01262,81
01263,63
01279,68
01280,121
01299,42
01304,19
01314,9
01324,41
01330,25
01335,94
01339,6
01350,6
01359,111
01362,21
01368,42
01400,60
01430,93
01437,33
01440,38
01443,17
01446,6
01449,14
01461,24
01470,27
01473,85
01474,1
01501,44
01502,100
01514,57
01515,55
01518,76
01519,104
01535,41
01541,13
01547,25
01562,23
01567,5
01568,0
01583,51
01589,69
01604,1
01606,61
01613,7
01624,1
01625,84
01633,88
01637,81
01649,112
01659,28
01662,57
01680,108
01691,30
01706,101
01715,5
01732,22
01737,69
01742,15
01747,10
01753,57
01760,39
01770,101
01775,2
01783,53
01796,96
01797,118
01801,74
01812,8
01818,49
01830,20
01844,21
01850,121
01855,110
01865,83
01868,103
01880,18
01891,28
01895,85
01902,50
01904,20
01906,125
01909,1
01912,24
01914,18
01931,56
01943,18
01947,78
01951,32
01954,38
01963,24
01964,42
01966,0
01970,47
01972,34
01990,73
01993,25
02005,80
02006,76
02017,33
02029,10
02046,123
02052,46
02055,1
02063,41
02071,81
02080,11
02089,33
02097,6
02102,68
02114,97
02119,87
02126,47
02137,68
02140,110
02144,118
02149,20
02153,76
02163,2
02178,56
02180,16
02188,13
02194,18
02212,63
02216,50
02237,91
02252,32
02274,48
02278,28
02280,82
02294,80
02299,29
02332,16
02344,98
02350,6
02353,49
02364,31
02373,122
02375,10
02390,4
02398,75
02402,29
02419,17
02426,55
02447,15
02484,9
02489,22
02497,28
02502,42
02511,75
02512,107
02513,45
02522,8
02533,0
02534,44
02541,116
02554,65
02562,110
02563,28
02569,11
02587,29
02617,78
02630,104
02635,28
02643,32
02653,47
02656,2
02669,62
02670,47
02671,3
02693,29
02694,112
02707,11
02718,47
02732,25
02756,45
02759,118
02763,75
02769,24
02773,84
02776,32
02778,17
02780,78
02783,21
02792,31
02793,1
02801,10
02812,27
02814,16
02816,124
02823,8
02824,4
02862,78
02866,33
02868,55
02869,62
02871,42
02874,54
02890,20
02897,2
02899,42
02901,105
02914,126
02928,25
02931,33
02932,27
02939,85
02943,41
02944,53
02945,50
02946,2
02952,55
02958,57
02966,49
02976,2
02979,3
02991,36
02996,49
02998,56
03003,38
03007,88
03018,118
03019,110
03027,33
03028,107
03036,32
03039,2
03040,21
03045,62
03079,16
03081,38
03084,32
03099,65
03101,31
03102,108
03110,0
03111,112
03123,43
03126,16
03131,65
03138,23
03143,71
03155,2
03168,108
03179,107
03183,106
03186,18
03196,88
03210,51
03218,20
03219,9
03247,111
03253,29
03255,99
03259,2
03263,42
03264,107
03267,78
03270,109
03273,84
03288,29
03300,80
03326,66
03330,2
03334,41
03341,25
03346,115
03348,25
03349,66
03358,8
03360,19
03367,91
03372,84
03377,10
03380,88
03385,10
03388,117
03415,118
03416,5
03417,40
03446,0
03456,19
03457,18
03458,78
03464,103
03467,108
03479,2
03486,41
03487,22
03489,65
03524,4
03540,0
03554,27
03558,1
03562,59
03564,28
03566,16
03570,26
03577,62
03594,28
03600,123
03605,45
03633,48
03635,64
03638,73
03647,108
03652,8
03658,26
03661,31
03667,2
03670,60
03680,53
03684,44
03690,26
03692,65
03733,6
03736,42
03742,21
03756,7
03761,109
03771,56
03782,57
03786,80
03807,6
03819,1
03824,19
03832,37
03835,31
03844,28
03863,15
03864,114
03869,4
03886,25
03890,19
03891,94
03892,80
03907,81
03908,101
03911,118
03913,45
03921,74
03932,27
03937,42
03942,30
03944,63
03962,38
03987,36
03993,28
04009,0
04017,70
04028,94
04037,9
04039,32
04041,13
04049,84
04066,28
04075,7
04079,108
04080,14
04086,47
04092,76
04100,4
04107,50
04132,2
04141,20
04142,88
04151,11
04152,89
04155,71
04156,33
04157,71
04168,128
04169,21
04170,50
04180,31
04227,37
04252,47
04258,11
04265,15
04267,80
04273,23
04274,20
04278,84
04291,97
04299,93
04301,115
04302,85
04303,93
04309,7
04318,9
04321,0
04324,68
04331,56
04336,29
04337,61
04342,27
04351,21
04358,19
04364,93
04391,98
04408,68
04417,111
04422,9
04423,61
04428,82
04445,50
04452,21
04454,7
04456,18
04464,65
04476,94
04479,55
04481,25
04487,93
04502,34
04519,19
04520,42
04521,17
04522,1
04529,65
04543,41
04548,92
04552,83
04561,109
04564,75
04581,85
04594,46
04597,42
04605,129
04608,21
04618,53
04623,2
04626,20
04629,39
04631,115
04672,42
04674,97
04686,6
04696,102
04699,7
04700,42
04703,29
04704,18
04719,33
04754,14
04763,13
04777,44
04781,21
04783,119
04789,42
04813,43
04816,28
04817,66
04820,31
04825,0
04835,33
04858,68
04862,55
04877,29
04889,26
04890,4
04891,3
04893,42
04900,79
04908,107
04913,15
04937,20
04939,86
04944,6
04946,72
04949,42
04950,11
04956,26
04958,92
04959,29
04970,128
04988,9
04995,9
05011,4
05025,4
05034,79
05038,26
05042,63
05045,25
05053,59
05061,109
05077,27
05079,19
05080,13
05116,89
05119,10
05122,31
05125,8
05126,57
05145,42
05149,30
05158,53
05162,2
05171,112
05176,91
05178,24
05207,116
05223,50
05226,25
05235,3
05236,43
05246,89
05247,27
05248,21
05249,23
05260,26
05266,36
05281,117
05296,103
05301,19
05312,35
05322,120
05323,55
05344,24
05346,7
05350,66
05365,28
05366,102
05372,61
05379,23
05381,68
05383,118
05389,13
05390,69
05394,66
05396,41
05400,24
05403,7
05408,15
05428,129
05429,13
05440,68
05468,9
05476,63
05482,21
05490,42
05505,28
05519,62
05536,41
05563,78
05568,59
05596,87
05597,76
05598,68
05600,15
05603,72
05626,20
05630,60
05634,38
05635,87
05638,11
05653,17
05658,25
05659,29
05666,36
05687,72
05694,94
05710,65
05721,50
05731,89
05746,53
05759,14
05763,35
05767,103
05772,94
05773,121
05775,6
05798,81
05800,9
05806,2
05812,118
05825,6
05828,15
05856,70
05866,84
05880,31
05891,115
05906,64
05911,4
05912,9
05931,109
05941,94
05948,124
05965,33
05966,5
05972,22
05973,29
05977,27
05993,62
05999,62
06010,13
06011,88
06012,66
06020,27
06028,41
06040,17
06046,82
06047,18
06049,50
06050,29
06054,11
06060,96
06061,50
06065,6
06067,67
06079,53
06086,107
06088,7
06103,89
06104,42
06110,66
06115,100
06129,124
06156,28
06164,103
06167,6
06180,106
06186,21
06194,13
06200,43
06216,29
06221,125
06226,17
06228,7
06236,29
06245,31
06255,107
06272,10
06273,15
06286,62
06290,22
06299,2
06307,112
06316,94
06318,7
06322,23
06323,44
06327,89
06328,82
06331,87
06335,41
06345,32
06347,13
06349,57
06358,12
06371,36
06382,117
06386,9
06398,52
06402,92
06406,1
06408,78
06416,129
06419,6
06429,42
06442,16
06443,103
06455,14
06474,73
06491,84
06495,53
06522,37
06524,85
06538,81
06542,103
06546,82
06547,105
06567,110
06574,48
06579,57
06581,41
06586,28
06592,61
06601,29
06615,18
06619,6
06625,52
06631,93
06666,39
06667,26
06671,84
06674,42
06677,20
06683,62
06696,55
06701,4
06703,46
06705,27
06708,33
06734,2
06735,10
06738,32
06741,115
06758,103
06760,94
06767,81
06782,109
06783,41
06789,68
06790,30
06791,47
06793,23
06802,87
06806,1
06814,56
06820,41
06830,32
06835,23
06843,30
06844,72
06851,48
06857,13
06882,0
06888,19
06922,64
06924,8
06930,84
06936,13
06946,20
06956,4
06957,99
06971,1
06973,63
06989,113
07003,13
07013,115
07021,23
07034,55
07036,11
07037,60
07051,14
07069,16
07077,29
07078,29
07083,2
07098,125
07101,23
07109,30
07111,18
07125,36
07127,7
07129,88
07132,49
07134,16
07138,16
07146,35
07148,76
07163,106
07169,23
07177,82
07184,28
07190,40
07197,44
07201,126
07203,68
07207,72
07226,97
07227,2
07234,66
07244,82
07255,124
07305,88
07315,3
07320,10
07323,9
07324,17
07345,29
07347,104
07351,5
07360,35
07361,68
07368,44
07383,109
07384,23
07389,48
07396,108
07418,32
07435,87
07442,112
07456,10
07465,0
07481,121
07483,120
07485,94
07487,47
07492,0
07507,25
07512,43
07513,33
07520,68
07542,14
07543,80
07546,57
07547,76
07552,37
07567,17
07571,65
07578,35
07589,74
07602,18
07613,27
07621,82
07624,15
07629,18
07637,108
07647,0
07663,29
07668,82
07674,44
07683,126
07687,115
07688,85
07690,126
07702,4
07707,108
07718,64
07724,88
07727,1
07755,56
07770,28
07779,1
07781,30
07796,105
07805,14
07813,40
07814,9
07821,50
07829,113
07830,92
07837,103
07845,19
07855,78
07861,4
07865,0
07889,23
07890,91
07905,40
07910,29
07911,109
07923,29
07949,5
07951,18
07953,66
07966,36
07969,9
07992,108
07993,128
08008,84
08015,66
08026,17
08031,20
08032,125
08040,76
08051,44
08054,24
08059,54
08063,47
08068,36
08076,127
08085,18
08113,4
08114,12
08125,21
08153,29
08175,89
08177,128
08179,85
08189,21
08194,108
08199,15
08211,37
08218,115
08220,25
08234,23
08237,26
08240,113
08250,36
08257,60
08271,128
08272,80
08273,36
08276,37
08278,91
08281,9
08282,4
08311,82
08312,2
08315,100
08318,123
08320,92
08321,1
08324,71
08331,81
08332,28
08341,16
08351,72
08357,73
08358,83
08377,6
08392,27
08414,61
08416,64
08461,1
08466,35
08483,84
08495,83
08499,4
08506,85
08507,17
08512,82
08518,10
08521,40
08529,21
08534,90
08551,5
08567,117
08568,4
08570,12
08576,70
08586,20
08601,60
08616,1
08638,113
08645,109
08660,56
08662,19
08665,49
08671,18
08676,29
08698,31
08701,121
08702,88
08704,119
08723,92
08742,18
08743,66
08744,41
08746,19
08748,103
08772,97
08773,63
08777,2
08781,55
08790,86
08793,78
08816,85
08818,31
08822,57
08825,88
08830,76
08838,20
08852,80
08858,56
08874,64
08886,10
08890,108
08918,76
08929,125
08930,20
08937,21
08939,38
08944,3
08948,9
08956,13
08975,22
08987,26
08999,35
09001,81
09005,108
09006,36
09022,6
09023,42
09024,9
09033,17
09039,78
09050,15
09052,94
09067,89
09069,48
09076,24
09097,55
09102,13
09104,1
09108,109
09110,76
09114,3
09117,76
09125,85
09133,80
09136,55
09142,9
09144,49
09169,20
09172,30
09177,10
09180,44
09181,57
09191,116
09192,80
09193,42
09194,82
09195,19
09197,65
09206,95
09214,17
09216,15
09221,20
09223,19
09269,13
09302,13
09335,7
09347,10
09350,53
09363,76
09364,17
09368,88
09370,26
09371,15
09372,68
09374,48
09377,101
09379,4
09381,42
09391,82
09394,24
09399,13
09401,59
09414,15
09441,10
09448,14
09457,82
09458,28
09472,28
09480,1
09496,112
09497,84
09510,23
09514,50
09518,4
09535,3
09537,40
09540,123
09543,20
09547,27
09572,103
09575,81
09613,13
09626,8
09634,81
09643,114
09651,70
09678,2
09681,80
09683,17
09694,89
09703,11
09704,50
09711,91
09719,68
09728,44
09741,115
09746,114
09778,84
09791,25
09815,13
09823,14
09825,28
09834,80
09837,85
09864,47
09865,4
09867,0
09871,32
09872,37
09875,108
09876,80
09894,16
09902,25
09910,55
09912,1
09926,10
09931,16
09933,117
09992,17
10016,62
10026,27
10028,115
10036,81
10040,46
10060,70
10073,112
10076,29
10080,26
10085,23
10090,103
10095,21
10098,31
10099,121
10100,78
10112,15
10120,66
10123,78
10124,9
10126,62
10130,27
10134,109
10142,87
10147,7
10171,80
10200,33
10205,16
10211,25
10217,16
10220,18
10222,44
10225,103
10236,75
10256,37
10263,10
10283,23
10290,29
10292,13
10300,108
10315,30
10319,86
10321,3
10355,19
10365,55
10373,16
10375,103
10389,48
10403,62
10420,87
10421,13
10429,84
10431,59
10451,1
10453,79
10461,44
10471,2
10477,20
10482,62
10484,4
10487,76
10490,13
10497,9
10502,83
10510,49
10518,7
10523,5
10550,34
10556,44
10564,25
10570,106
10580,10
10583,26
10596,82
10607,63
10641,78
10694,7
10717,66
10719,107
10726,51
10731,45
10744,17
10757,116
10768,114
10769,44
10776,13
10799,46
10800,41
10811,84
10813,113
10817,3
10827,108
10862,125
10863,69
10866,20
10887,18
10888,129
10897,78
10899,113
10902,123
10904,13
10905,66
10911,110
10912,40
10914,118
10916,115
10940,16
10945,119
10946,14
10954,26
10956,33
10963,4
10987,57
11009,83
11011,31
11028,89
11031,85
11039,38
11041,51
11048,40
11051,95
11052,42
11055,4
11062,41
11065,28
11078,13
11083,109
11092,25
11098,25
11100,14
11102,29
11108,7
11119,16
11125,41
11133,56
11134,19
11142,9
11150,6
11151,115
11155,46
11158,26
11159,20
11198,1
11202,102
11210,3
11211,125
11220,84
11226,79
11237,21
11239,108
11240,62
11252,78
11264,42
11266,64
11276,30
11280,6
11290,103
11293,95
11299,87
11307,85
11309,126
11311,66
11315,77
11323,6
11327,6
11332,57
11353,25
11360,0
11372,25
11386,109
11401,16
11411,75
11437,31
11451,7
11461,1
11477,82
11478,38
11483,47
11489,43
11497,10
11508,29
11529,87
11534,31
11535,55
11556,23
11562,84
11564,9
11568,85
11569,36
11571,27
11576,5
11578,109
11586,72
11590,107
11596,50
11638,84
11644,125
11646,82
11648,0
11666,28
11692,78
11698,88
11700,68
11702,21
11708,50
11725,85
11727,23
11731,26
11736,83
11744,75
11746,1
11750,95
11753,38
11760,29
11763,92
11808,115
11832,19
11836,27
11847,66
11857,14
11859,29
11860,21
11862,13
11865,84
11867,36
11869,20
11878,20
11891,81
11894,84
11904,1
11914,76
11918,60
11923,3
11928,62
11944,19
11953,25
11962,2
11970,31
11976,112
11978,85
11979,81
11985,44
11988,55
11992,12
11999,82
12003,59
12008,41
12018,18
12024,65
12043,2
12047,1
12050,57
12057,107
12059,92
12071,44
12072,92
12074,82
12077,18
12078,14
12080,81
12085,54
12087,74
12091,114
12097,14
12118,2
12134,19
12151,9
12156,44
12172,25
12190,14
12196,50
12199,15
12204,125
12205,1
12228,85
12236,78
12249,84
12252,18
12258,4
12269,3
12274,13
12278,33
12280,33
12322,53
12323,42
12333,11
12342,97
12345,78
12352,6
12375,15
12414,20
12421,28
12422,61
12426,20
12435,88
12457,103
12470,37
12472,88
12480,37
12494,25
12499,17
12510,4
12525,5
12537,44
12540,9
12541,75
12564,33
12566,20
12567,60
12604,2
12611,18
12616,31
12619,0
12620,109
12634,66
12635,23
12652,60
12654,30
12656,27
12666,42
12682,11
12684,2
12685,5
12689,4
12691,76
12703,14
12708,85
12722,8
12724,1
12730,92
12731,42
12734,39
12749,22
12767,126
12779,4
12803,82
12810,109
12838,88
12843,58
12853,36
12854,39
12857,10
12859,119
12860,102
12880,92
12882,74
12891,42
12892,59
12903,76
12911,26
12915,9
12917,85
12925,118
12946,13
12951,36
12960,39
12966,14
12978,93
12982,12
13001,17
13003,23
13005,27
13021,6
13023,6
13030,34
13035,87
13037,53
13046,30
13050,32
13052,24
13057,21
13062,101
13086,1
13091,10
13099,36
13120,27
13122,76
13124,103
13125,7
13136,108
13145,9
13151,11
13163,93
13166,86
13167,33
13191,33
13199,109
13210,42
13212,13
13227,80
13237,94
13246,44
13270,24
13289,36
13305,119
13326,60
13328,13
13333,27
13334,36
13339,36
13344,29
13349,33
13351,80
13352,57
13359,59
13370,0
13385,55
13388,128
13403,73
13405,43
13408,8
13409,79
13414,115
13421,80
13423,12
13447,90
13450,92
13453,36
13454,4
13458,92
13460,123
13470,121
13504,15
13509,85
13525,6
13533,45
13540,115
13548,17
13554,10
13562,50
13563,30
13581,41
13582,31
13583,94
13596,60
13599,69
13602,74
13618,74
13645,29
13647,80
13654,26
13658,21
13669,8
13676,76
13681,18
13683,59
13685,38
13707,60
13715,27
13728,20
13730,109
13731,31
13749,122
13752,42
13762,24
13763,91
13769,78
13779,1
13782,79
13797,1
13809,18
13814,76
13829,66
13830,2
13833,50
13835,88
13836,49
13849,60
13867,19
13869,10
13873,110
13875,31
13885,0
13886,56
13891,57
13892,42
13908,108
13910,21
13912,30
13918,0
13924,57
13925,110
13927,86
13944,55
13949,125
13954,129
13957,100
13964,41
13973,50
13981,44
13988,42
14000,25
14003,29
14011,8
14013,28
14021,48
14024,44
14065,18
14072,93
14081,60
14110,61
14112,101
14116,73
14123,7
14128,29
14129,2
14132,64
14136,57
14145,22
14150,1
14165,58
14168,109
14170,76
14177,27
14182,18
14194,66
14195,18
14209,44
14212,54
14221,19
14223,104
14228,47
14232,85
14241,127
14251,32
14275,109
14286,14
14299,16
14301,32
14306,20
14314,118
14318,48
14339,47
14344,42
14347,35
14349,15
14389,62
14390,32
14400,22
14406,115
14416,44
14421,68
14422,38
14428,69
14434,28
14435,115
14438,29
14446,122
14448,29
14449,49
14450,127
14459,14
14467,84
14476,0
14479,23
14482,1
14499,0
14501,24
14509,78
14511,42
14528,108
14529,114
14542,28
14553,4
14562,67
14570,88
14578,42
14580,28
14595,2
14599,94
14601,2
14622,125
14623,18
14629,61
14641,47
14673,101
14678,38
14694,82
14698,128
14700,126
14701,45
14730,17
14735,42
14753,29
14759,75
14763,28
14775,4
14779,4
14784,14
14790,79
14795,105
14796,5
14797,51
14826,20
14829,94
14844,23
14857,68
14863,16
14870,112
14872,95
14883,9
14894,109
14907,4
14910,49
14914,9
14921,14
14924,119
14928,14
14930,93
14934,9
14947,126
14962,42
14974,14
14989,76
14996,24
15003,19
15006,92
15008,101
15011,7
15012,60
15046,2
15052,81
15069,85
15071,31
15074,28
15077,42
15089,28
15098,24
15106,69
15116,126
15123,0
15126,49
15127,45
15159,7
15161,30
15165,32
15169,36
15172,79
15174,89
15177,33
15183,95
15193,115
15194,88
15198,57
15204,85
15205,2
15206,30
15209,41
15215,18
15220,87
15222,12
15236,12
15238,10
15252,50
15255,29
15262,9
15269,10
15286,55
15287,28
15288,4
15290,27
15293,42
15296,120
15310,17
15313,41
15314,4
15315,6
15326,21
15328,53
15340,113
15349,10
15352,61
15366,26
15368,34
15371,34
15391,13
15396,44
15402,23
15406,10
15407,92
15433,23
15434,55
15444,113
15452,79
15453,42
15459,34
15461,107
15463,24
15482,29
15485,6
15508,10
15511,127
15512,42
15513,120
15516,20
15521,37
15525,80
15527,4
15528,63
15543,81
15551,78
15557,3
15564,120
15567,82
15585,118
15604,31
15606,5
15608,57
15615,45
15616,19
15620,55
15621,42
15622,17
15626,81
15628,0
15629,119
15633,32
15634,29
15637,60
15642,0
15654,78
15657,14
15668,55
15687,76
15691,105
15693,1
15694,129
15698,115
15709,47
15718,117
15719,81
15725,0
15727,69
15728,84
15751,13
15754,47
15756,87
15787,43
15789,80
15792,1
15799,88
15802,39
15809,28
15827,42
15832,125
15847,20
15851,0
15858,5
15859,41
15870,27
15885,97
15886,9
15900,18
15907,79
15908,42
15909,125
15920,19
15924,74
15936,87
15942,89
15949,18
15957,126
15974,25
15978,50
15980,73
15981,65
15990,4
15991,36
15995,25
16002,117
16009,66
16024,1
16048,35
16058,50
16060,47
16068,125
16071,93
16083,108
16103,36
16108,18
16114,16
16120,26
16122,20
16129,28
16138,32
16141,28
16155,38
16165,82
16175,57
16178,8
16183,112
16195,1
16198,66
16202,24
16203,64
16206,0
16238,27
16246,100
16273,18
16296,7
16297,58
16303,84
16304,85
16305,7
16313,108
16324,26
16331,11
16343,46
16374,13
16393,42
16398,35
16402,117
16403,16
16408,45
16410,47
16412,76
16420,78
16421,113
16429,86
16430,37
16448,23
16464,33
16465,78
16468,117
16469,108
16470,19
16475,8
16477,60
16483,122
16496,94
16514,84
16517,59
16528,46
16529,25
16541,32
16552,79
16557,5
16567,6
16569,75
16581,6
16586,12
16601,33
16606,16
16607,45
16625,42
16635,42
16659,107
16662,9
16671,14
16687,113
16689,37
16695,93
16697,87
16705,30
16710,118
16716,55
16719,79
16735,63
16738,51
16768,90
16778,42
16785,71
16786,7
16787,57
16807,10
16818,13
16819,56
16824,45
16850,43
16854,43
16863,21
16866,76
16880,68
16887,88
16889,115
16890,0
16891,8
16893,119
16896,44
16899,38
16900,61
16934,18
16937,59
16960,84
16970,118
16995,80
16997,81
17005,53
17008,20
17012,68
17013,27
17018,4
17019,2
17029,84
17031,2
17039,14
17041,80
17051,88
17054,39
17059,23
17069,23
17084,118
17107,0
17113,27
17123,84
17127,69
17133,75
17135,76
17140,47
17157,108
17161,81
17163,2
17165,59
17174,17
17183,28
17225,81
17226,25
17240,21
17246,20
17272,9
17273,0
17280,4
17284,37
17287,50
17296,17
17302,83
17304,31
17306,31
17307,41
17321,48
17346,0
17353,31
17357,1
17363,36
17369,6
17373,21
17378,68
17384,29
17387,13
17403,45
17405,13
17426,42
17431,81
17434,92
17439,0
17441,63
17446,112
17455,2
17460,15
17463,50
17473,65
17478,79
17480,84
17492,76
17516,82
17519,40
17523,14
17529,113
17530,20
17533,30
17538,105
17542,25
17558,42
17584,64
17589,92
17590,46
17610,19
17626,44
17637,56
17646,55
17655,22
17657,24
17671,21
17688,28
17693,2
17695,28
17700,113
17715,29
17725,92
17743,32
17750,31
17760,61
17761,4
17770,31
17782,69
17783,3
17784,41
17786,42
17808,80
17810,10
17811,53
17817,13
17818,84
17822,86
17845,88
17850,91
17852,18
17856,45
17863,66
17873,82
17881,56
17891,32
17896,20
17901,42
17904,0
17915,47
17932,94
17956,6
17978,28
17987,53
17989,68
17993,6
18001,119
18003,13
18006,23
18007,14
18014,14
18019,66
18021,52
18026,62
18028,23
18030,42
18039,72
18042,84
18046,0
18052,28
18058,1
18059,29
18062,13
18063,18
18077,32
18086,49
18089,1
18119,45
18120,118
18123,4
18137,75
18139,10
18140,32
18146,28
18171,3
18175,49
18176,41
18182,14
18202,93
18208,88
18211,21
18226,29
18227,42
18233,20
18243,29
18245,125
18248,35
18252,125
18274,13
18278,16
18281,25
18287,32
18288,119
18294,20
18297,68
18298,83
18310,28
18312,0
18320,38
18324,75
18327,9
18328,82
18333,8
18343,105
18352,36
18354,18
18355,20
18360,27
18396,18
18407,47
18413,44
18415,60
18417,25
18456,0
18462,18
18481,2
18499,7
18504,19
18505,14
18507,84
18508,60
18512,1
18530,24
18539,42
18540,79
18551,126
18555,102
18561,38
18584,125
18588,81
18593,10
18594,5
18596,11
18605,72
18610,15
18611,76
18618,108
18619,62
18621,112
18627,81
18639,75
18643,64
18657,52
18661,38
18672,118
18679,4
18681,81
18682,23
18683,2
18693,118
18694,36
18695,98
18707,4
18709,64
18727,44
18730,6
18747,19
18748,57
18751,10
18753,5
18763,118
18787,27
18797,103
18802,78
18807,66
18820,19
18823,64
18827,21
18834,0
18837,60
18848,9
18849,17
18850,10
18861,107
18868,125
18888,21
18910,70
18919,126
18920,72
18922,128
18923,18
18942,21
18949,68
18954,63
18982,94
18984,5
19002,25
19026,21
19044,28
19045,45
19057,10
19064,18
19071,76
19073,45
19074,33
19085,30
19086,17
19092,49
19094,62
19096,75
19115,73
19120,9
19127,88
19128,18
19153,8
19160,42
19161,21
19185,14
19186,21
19206,42
19214,85
19230,126
19234,84
19237,28
19246,79
19259,80
19264,84
19265,24
19269,28
19272,15
19278,25
19283,32
19288,25
19293,6
19301,4
19305,64
19308,62
19325,0
19331,9
19336,97
19341,6
19343,78
19347,72
19359,15
19372,5
19378,23
19385,31
19387,81
19397,21
19401,19
19406,15
19410,41
19417,55
19422,31
19441,103
19445,32
19455,94
19484,13
19490,56
19507,20
19508,95
19510,57
19511,55
19514,68
19522,55
19530,80
19537,19
19561,9
19565,112
19573,47
19575,117
19577,108
19580,76
19589,65
19592,25
19604,125
19614,21
19616,6
19620,32
19622,84
19625,44
19631,41
19658,83
19666,41
19670,11
19672,86
19687,11
19705,22
19709,38
19711,10
19729,21
19730,32
19736,44
19738,29
19745,53
19747,115
19757,28
19762,56
19784,89
19786,68
19788,0
19790,1
19792,93
19800,42
19804,115
19808,44
19823,29
19830,12
19832,24
19833,2
19849,126
19857,84
19861,10
19862,10
19866,37
19868,36
19887,17
19889,42
19890,3
19897,28
19904,29
19913,108
19916,28
19920,60
19928,4
19931,17
19939,103
19942,68
19943,37
19950,88
19961,37
19978,74
19993,88
19995,128
19999,17
20001,76
20003,28
20008,109
20015,44
20027,5
20035,82
20049,37
20052,0
20059,37
20078,104
20079,7
20093,66
20097,68
20098,21
20103,4
20106,9
20110,9
20120,94
20126,126
20128,43
20147,85
20150,60
20151,10
20156,18
20173,21
20174,28
20177,25
20186,72
20193,93
20199,88
20207,1
20227,95
20231,129
20235,13
20239,121
20240,101
20245,68
20251,84
20255,10
20258,45
20264,80
20266,80
20268,57
20279,15
20284,28
20288,19
20295,4
20303,53
20309,42
20313,7
20315,13
20316,79
20325,18
20335,42
20341,7
20347,66
20353,45
20361,30
20383,104
20385,18
20397,20
20399,102
20400,46
20401,5
20402,62
20406,4
20407,103
20412,13
20413,73
20423,40
20426,10
20437,25
20438,92
20439,42
20441,14
20444,30
20451,68
20466,64
20470,32
20474,128
20476,82
20484,44
20486,70
20487,15
20490,54
20496,49
20497,45
20524,82
20533,44
20534,51
20538,111
20539,29
20561,66
20568,4
20578,118
20593,42
20595,29
20596,75
20607,42
20614,4
20615,27
20616,42
20640,36
20650,40
20652,28
20663,20
20665,14
20671,21
20688,2
20695,13
20709,46
20719,119
20727,123
20728,9
20730,15
20747,73
20750,21
20751,26
20754,53
20784,24
20801,22
20811,112
20814,41
20815,7
20817,100
20818,66
20837,28
20842,13
20849,37
20867,63
20874,46
20883,35
20887,118
20888,13
20897,127
20907,42
20912,34
20919,91
20923,1
20924,113
20928,30
20942,119
20943,88
20944,78
20951,14
20964,76
20967,11
20976,29
20985,78
20990,93
21004,55
21014,4
21018,42
21026,13
21027,31
21036,107
21041,37
21047,48
21055,59
21061,26
21067,73
21079,79
21080,68
21092,31
21095,6
21096,104
21107,109
21119,9
21124,28
21130,97
21143,75
21145,20
21147,113
21150,9
21151,9
21170,0
21173,85
21177,28
21181,17
21190,108
21196,7
21202,9
21206,125
21212,47
21220,62
21235,109
21249,103
21261,59
21265,51
21274,62
21279,87
21280,23
21283,85
21286,99
21289,82
21302,82
21318,20
21320,98
21321,118
21322,82
21325,76
21332,121
21333,4
21335,112
21338,93
21346,17
21356,116
21359,1
21363,49
21371,8
21373,4
21386,2
21389,46
21397,21
21412,2
21417,42
21432,56
21434,53
21437,18
21443,38
21448,125
21461,50
21463,42
21464,49
21467,44
21469,75
21473,48
21475,19
21483,62
21486,42
21503,42
21504,41
21508,30
21523,4
21529,19
21540,50
21547,25
21553,115
21554,41
21570,103
21598,60
21600,13
21615,73
21621,128
21624,32
21633,85
21649,115
21654,59
21669,79
21671,33
21672,13
21678,85
21680,36
21681,32
21684,62
21706,36
21709,82
21710,17
21724,30
21727,74
21733,68
21735,29
21751,114
21756,16
21776,24
21782,28
21788,1
21789,85
21792,1
21793,41
21823,76
21824,2
21831,25
21840,20
21841,78
21843,81
21847,24
21866,109
21867,28
21877,122
21883,68
21884,92
21901,1
21908,38
21910,74
21916,31
21929,114
21935,39
21948,7
21954,103
21956,106
21960,42
21962,53
21968,32
21975,4
21978,10
21984,49
21986,2
21990,42
21991,47
22006,49
22022,50
22023,14
22028,113
22031,44
22032,33
22038,65
22057,56
22060,27
22061,3
22081,10
22085,34
22099,4
22107,73
22109,16
22118,89
22120,24
22130,115
22131,7
22132,29
22149,108
22158,57
22163,29
22173,107
22174,22
22198,1
22204,13
22218,28
22220,27
22222,85
22228,21
22249,17
22253,108
22260,103
22268,66
22278,82
22288,51
22298,3
22301,32
22305,6
22309,57
22314,18
22315,37
22340,80
22347,85
22353,103
22357,65
22365,16
22369,8
22377,42
22379,68
22390,4
22393,81
22401,2
22414,113
22428,28
22441,107
22442,83
22448,42
22452,128
22455,47
22456,43
22460,97
22463,4
22466,28
22469,1
22472,17
22476,8
22481,89
22486,76
22512,8
22523,85
22524,4
22529,0
22535,18
22558,53
22571,36
22572,66
22602,47
22610,19
22613,0
22621,56
22625,34
22626,34
22645,13
22657,118
22662,2
22665,36
22676,29
22690,2
22691,37
22714,85
22715,11
22718,112
22729,123
22736,2
22737,77
22750,103
22760,26
22777,2
22784,61
22791,30
22808,69
22821,27
22825,26
22829,53
22841,126
22846,56
22866,84
22871,18
22873,0
22875,36
22904,82
22905,42
22910,52
22932,84
22933,42
22935,28
22938,56
22941,21
22944,103
22946,62
22960,122
22971,4
22974,128
22975,28
22980,37
22986,118
22990,14
22991,10
22995,60
23001,76
23012,73
23013,18
23020,10
23022,22
23027,14
23030,77
23034,78
23037,29
23039,29
23044,28
23054,83
23070,82
23082,111
23086,0
23087,103
23088,55
23100,125
23112,15
23113,93
23126,87
23133,42
23134,118
23147,88
23152,55
23158,35
23181,8
23182,34
23196,25
23229,36
23235,47
23239,87
23269,21
23271,31
23274,109
23275,14
23291,16
23292,16
23305,118
23318,118
23334,6
23337,33
23344,110
23353,46
23354,6
23361,9
23373,107
23377,94
23395,41
23416,68
23424,72
23427,3
23436,45
23459,2
23470,63
23480,87
23482,11
23490,29
23496,103
23501,5
23505,24
23523,98
23527,3
23532,31
23538,1
23568,16
23570,16
23572,129
23579,11
23582,23
23585,9
23586,26
23587,93
23592,98
23593,115
23600,47
23606,68
23614,3
23618,13
23646,64
23647,65
23648,4
23664,68
23668,93
23676,44
23687,107
23701,11
23709,41
23713,121
23723,13
23727,33
23728,81
23732,126
23733,75
23740,25
23747,42
23750,81
23762,35
23772,61
23775,1
23777,84
23791,119
23798,127
23799,65
23804,23
23813,49
23818,19
23835,19
23837,79
23842,16
23843,1
23861,25
23863,44
23867,66
23870,19
23875,129
23905,20
23915,37
23916,109
23922,25
23927,30
23938,11
23962,8
23963,119
23970,18
23972,115
23973,7
23987,85
23994,16
23998,57
24002,17
24014,7
24018,88
24023,83
24042,114
24044,78
24056,18
24057,125
24065,44
24067,82
24069,122
24094,69
24101,35
24110,82
24115,63
24128,40
24130,36
24135,63
24147,95
24153,17
24159,97
24185,3
24190,108
24196,115
24204,95
24212,20
24220,85
24222,9
24244,23
24251,33
24258,45
24262,39
24301,109
24311,41
24332,57
24340,85
24342,108
24368,89
24378,113
24399,84
24401,9
24411,60
24412,126
24413,115
24419,34
24466,32
24470,33
24476,37
24477,63
24478,26
24480,44
24484,28
24486,16
24490,58
24494,4
24499,100
24517,117
24526,108
24530,0
24531,60
24538,22
24549,60
24550,21
24577,4
24584,15
24596,85
24597,103
24613,9
24632,24
24637,128
24654,24
24669,109
24689,31
24693,1
24696,11
24716,13
24726,50
24742,38
24744,22
24745,29
24763,7
24764,56
24774,42
24775,32
24778,55
24800,94
24808,12
24819,25
24823,82
24833,88
24835,104
24839,103
24876,44
24885,68
24886,95
24892,18
24899,13
24903,102
24907,19
24908,44
24912,100
24921,24
24922,110
24939,40
24953,16
24954,97
24975,1
24982,34
25006,120
25019,74
25036,3
25038,85
25042,88
25050,2
25062,111
25064,2
25072,10
25077,89
25080,36
25098,3
25104,20
25139,60
25142,57
25149,17
25158,5
25164,27
25169,7
25172,89
25184,24
25219,14
25228,129
25237,21
25240,19
25241,122
25251,100
25258,19
25287,93
25289,92
25301,109
25303,62
25307,6
25314,9
25326,16
25343,10
25354,57
25356,88
25360,78
25366,85
25367,75
25368,63
25377,35
25378,47
25379,18
25383,28
25399,9
25403,21
25425,66
25426,44
25430,118
25439,72
25440,110
25443,27
25444,13
25454,4
25458,28
25472,90
25479,50
25482,65
25488,56
25490,76
25496,66
25513,17
25526,4
25529,2
25531,67
25549,28
25565,27
25578,42
25590,126
25597,20
25604,21
25611,18
25613,118
25614,49
25615,44
25617,82
25625,29
25627,42
25644,29
25652,103
25656,14
25669,18
25683,78
25684,46
25704,24
25708,65
25719,40
25724,91
25729,9
25736,108
25744,4
25745,53
25772,42
25773,82
25783,13
25793,90
25801,74
25803,20
25819,21
25833,42
25855,7
25857,19
25863,89
25866,18
25867,29
25869,53
25870,68
25894,41
25895,21
25897,76
25902,113
25907,33
25912,61
25921,116
25925,18
25926,98
25952,44
25955,4
25962,13
25964,5
25973,50
25981,17
25998,7
26001,23
26004,10
26010,14
26014,85
26023,100
26026,10
26030,47
26043,76
26054,82
26056,42
26064,27
26074,57
26083,56
26085,36
26091,109
26107,84
26115,6
26120,25
26142,28
26147,81
26161,94
26163,9
26165,46
26169,40
26172,2
26196,37
26199,1
26200,110
26209,20
26210,32
26215,49
26216,66
26228,9
26250,20
26252,41
26253,62
26276,28
26278,94
26283,48
26309,30
26317,92
26320,81
26322,46
26328,76
26335,76
26341,79
26348,53
26355,23
26367,100
26382,1
26385,66
26403,62
26421,23
26423,13
26427,26
26430,51
26432,60
26437,18
26439,56
26443,1
26449,55
26451,20
26468,22
26485,115
26515,5
26520,0
26530,16
26539,18
26542,32
26544,47
26549,20
26554,60
26558,17
26566,7
26569,4
26572,3
26576,17
26581,36
26585,15
26587,87
26590,57
26594,60
26621,29
26622,125
26631,48
26635,118
26652,102
26666,20
26676,14
26683,74
26688,18
26698,82
26701,8
26713,33
26715,42
26725,31
26730,26
26731,18
26733,78
26742,106
26751,31
26756,73
26763,80
26766,19
26769,0
26786,107
26789,45
26809,75
26810,102
26836,29
26838,39
26839,126
26860,56
26879,84
26887,77
26899,52
26902,8
26903,84
26912,44
26920,50
26923,29
26929,25
26939,64
26946,68
26967,6
26973,111
26978,13
26984,44
26992,28
26994,11
27001,44
27008,88
27013,92
27021,50
27025,47
27040,1
27047,18
27056,13
27063,25
27064,0
27074,55
27079,5
27080,64
27095,4
27102,42
27110,73
27114,16
27120,41
27121,46
27130,25
27199,0
27205,85
27227,7
27229,35
27234,4
27241,66
27278,47
27286,13
27290,42
27310,53
27316,24
27324,128
27325,53
27332,39
27357,44
27364,34
27372,98
27399,28
27422,50
27430,31
27433,48
27436,121
27452,107
27455,107
27456,10
27459,97
27461,7
27471,92
27478,79
27484,60
27489,36
27503,7
27505,13
27517,2
27520,40
27527,20
27535,29
27546,23
27558,33
27565,60
27573,82
27576,2
27580,24
27583,42
27619,3
27620,88
27622,25
27639,81
27647,13
27668,67
27673,93
27676,13
27677,23
27679,103
27688,0
27697,21
27718,108
27725,125
27728,18
27730,62
27738,41
27742,13
27745,46
27748,10
27768,21
27769,8
27775,38
27778,71
27803,11
27818,26
27820,93
27822,10
27831,15
27853,11
27855,62
27861,15
27862,41
27868,97
27872,2
27877,125
27880,25
27884,57
27885,6
27895,42
27900,1
27903,2
27917,17
27920,1
27924,72
27926,61
27928,13
27948,126
27951,4
27954,66
27955,4
27956,17
27970,15
27973,57
27986,30
27988,10
27993,53
28001,6
28004,82
28027,113
28053,123
28068,85
28079,36
28106,25
28108,7
28111,19
28122,47
28131,16
28136,14
28137,87
28139,47
28148,88
28149,17
28153,9
28154,4
28172,95
28175,53
28202,66
28207,54
28214,42
28215,34
28216,89
28222,21
28224,63
28233,5
28234,29
28244,2
28250,112
28251,29
28253,94
28261,7
28277,82
28281,102
28288,48
28295,41
28301,112
28303,93
28306,94
28311,37
28329,18
28334,82
28340,115
28344,92
28355,36
28359,9
28368,36
28369,24
28370,26
28375,47
28388,46
28394,77
28396,114
28401,5
28402,47
28406,81
28412,24
28413,27
28426,57
28433,59
28463,79
28465,60
28467,87
28472,1
28474,30
28476,57
28486,48
28500,81
28501,42
28503,21
28520,25
28521,2
28526,26
28538,82
28541,1
28543,118
28547,120
28552,78
28554,29
28586,24
28587,16
28591,5
28592,50
28594,91
28596,15
28598,1
28608,88
28611,76
28619,23
28622,103
28623,36
28624,34
28629,1
28645,47
28650,25
28654,87
28656,25
28661,85
28675,45
28679,71
28697,18
28702,82
28706,44
28709,82
28716,9
28719,24
28723,97
28726,50
28734,60
28742,8
28747,7
28748,20
28757,41
28779,47
28782,14
28783,17
28788,10
28801,107
28802,121
28805,78
28807,82
28817,94
28821,21
28829,5
28839,86
28847,53
28848,31
28854,112
28895,84
28896,14
28898,33
28900,44
28912,107
28914,59
28929,13
28935,42
28953,57
28964,18
28966,105
28967,2
28971,13
28973,2
28985,118
28993,108
29001,66
29021,75
29023,72
29024,21
29025,53
29028,36
29034,4
29058,108
29064,25
29072,49
29075,21
29089,47
29094,107
29105,10
29106,81
29108,19
29123,7
29124,40
29137,42
29144,6
29156,129
29160,108
29162,16
29167,23
29175,117
29176,0
29179,5
29181,92
29184,2
29190,128
29192,103
29197,125
29204,56
29209,62
29214,3
29215,4
29225,129
29233,36
29234,24
29255,77
29257,98
29272,16
29279,28
29286,97
29292,115
29294,44
29311,68
29313,7
29318,9
29320,38
29321,95
29330,111
29332,72
29336,115
29340,42
29373,2
29375,58
29379,79
29381,41
29391,84
29400,36
29417,106
29419,28
29428,25
29432,82
29444,10
29445,44
29449,103
29450,28
29454,60
29473,82
29475,69
29491,1
29502,112
29508,106
29509,82
29516,19
29520,118
29521,4
29532,21
29536,84
29542,32
29543,21
29546,29
29552,3
29557,76
29567,5
29569,112
29572,14
29589,10
29593,0
29597,41
29598,86
29616,76
29617,102
29620,4
29622,76
29625,4
29628,19
29629,85
29635,72
29652,25
29653,19
29659,13
29663,82
29664,87
29681,10
29683,26
29692,33
29698,109
29699,72
29702,88
29721,25
29735,25
29756,79
29767,129
29768,27
29772,6
29788,7
29795,107
29802,68
29820,85
29821,117
29828,123
29831,36
29854,1
29857,112
29861,93
29877,29
29884,111
29892,76
29919,129
29928,13
29944,78
29950,44
29977,31
29981,14
29990,8
30009,55
30017,95
30019,42
30020,44
30043,1
30050,44
30069,57
30072,53
30076,19
30080,23
30084,9
30091,12
30096,53
30105,42
30106,2
30108,50
30113,62
30122,27
30125,50
30127,46
30129,110
30145,44
30148,50
30153,17
30165,35
30166,76
30169,63
30177,41
30182,3
30190,48
30195,29
30197,27
30207,113
30212,94
30213,27
30228,53
30253,56
30255,33
30270,109
30276,84
30278,101
30281,21
30300,44
30302,19
30308,7
30329,110
30350,0
30353,19
30377,66
30381,129
30389,41
30399,111
30411,4
30416,1
30420,26
30436,50
30439,84
30474,57
30486,10
30501,7
30512,1
30515,80
30523,112
30529,82
30533,9
30544,7
30546,64
30551,25
30555,21
30559,29
30560,64
30571,42
30578,33
30588,92
30589,109
30591,59
30592,97
30594,55
30605,49
30611,91
30616,62
30633,41
30642,4
30659,29
30662,42
30674,85
30678,34
30697,53
30705,84
30710,78
30718,85
30719,9
30729,2
30733,1
30742,9
30743,107
30749,55
30750,127
30754,68
30772,30
30787,37
30796,41
30800,21
30802,42
30809,108
30810,41
30812,29
30813,18
30816,77
30821,41
30837,43
30858,81
30860,10
30863,62
30865,9
30868,10
30880,7
30897,47
30907,0
30909,15
30916,62
30927,29
30929,46
30930,88
30932,56
30938,115
30940,50
30943,94
30946,28
30952,120
30959,85
30966,3
30969,16
30982,31
30987,45
30999,85
31003,4
31005,82
31006,85
31008,0
31013,5
31017,24
31036,57
31040,20
31043,33
31051,103
31066,68
31073,61
31077,44
31082,124
31097,84
31129,46
31134,26
31141,11
31150,24
31162,25
31164,18
31169,1
31174,39
31181,42
31196,34
31197,56
31209,28
31215,52
31221,126
31229,0
31247,11
31251,14
31255,25
31268,112
31269,14
31272,5
31284,81
31289,32
31294,82
31304,36
31306,112
31314,72
31327,41
31337,36
31351,93
31352,9
31363,37
31371,60
31378,33
31383,4
31386,47
31388,55
31400,6
31402,58
31412,37
31415,44
31419,30
31426,59
31432,47
31438,93
31449,112
31457,25
31458,37
31467,113
31469,76
31472,85
31484,11
31485,13
31493,18
31494,81
31505,85
31510,68
31511,29
31512,64
31513,10
31524,58
31546,103
31550,15
31553,12
31555,28
31559,10
31561,20
31569,24
31573,21
31582,28
31585,76
31592,15
31594,68
31613,73
31616,73
31621,85
31646,85
31658,24
31664,37
31674,115
31675,69
31686,23
31688,108
31712,84
31713,14
31714,88
31726,38
31731,51
31749,95
31751,0
31755,105
31767,2
31776,94
31778,9
31783,36
31789,6
31801,115
31813,4
31821,85
31824,93
31825,72
31842,47
31844,31
31847,60
31852,25
31854,72
31856,9
31868,9
31871,38
31873,64
31876,44
31881,42
31888,19
31889,123
31896,48
31901,12
31916,42
31924,7
31925,93
31927,17
31929,128
31931,75
31941,38
31953,5
31954,21
31962,113
31964,92
31967,80
31969,55
31989,18
31991,14
31998,42
32005,103
32017,36
32019,42
32032,89
32051,84
32069,108
32079,73
32089,49
32099,107
32100,78
32101,94
32108,50
32111,15
32121,24
32132,64
32135,85
32136,78
32140,84
32147,125
32148,1
32150,9
32170,30
32177,53
32181,60
32185,32
32194,15
32195,9
32217,73
32219,127
32228,4
32239,13
32242,65
32243,59
32248,16
32258,13
32263,93
32269,13
32277,25
32281,4
32282,42
32283,14
32288,109
32293,45
32297,91
32301,74
32303,42
32304,49
32306,36
32311,108
32312,46
32327,57
32331,92
32341,21
32342,66
32369,88
32377,42
32382,32
32386,14
32399,21
32406,71
32407,24
32414,50
32421,49
32443,4
32450,62
32453,39
32457,15
32458,57
32461,7
32465,58
32477,30
32484,33
32486,118
32489,21
32506,24
32516,29
32518,42
32544,19
32545,71
32548,28
32551,87
32564,5
32569,29
32573,113
32581,38
32609,110
32613,20
32620,1
32623,66
32644,126
32659,2
32667,18
32676,53
32684,0
32704,32
32707,65
32708,30
32725,17
32729,60
32745,37
32747,23
32749,62
32754,64
32788,126
32795,83
32812,31
32838,20
32842,47
32844,41
32848,88
32853,4
32865,31
32874,17
32895,43
32902,11
32914,103
32932,31
32938,20
32939,86
32945,28
32946,41
32958,20
32966,113
32967,111
32974,4
32978,18
32987,126
32988,38
33001,129
33002,37
33004,5
33011,10
33012,109
33014,21
33021,84
33029,35
33057,14
33058,20
33059,52
33070,32
33075,13
33093,3
33103,46
33122,31
33124,35
33133,44
33140,62
33142,66
33150,18
33162,92
33171,119
33194,3
33195,75
33196,15
33197,0
33202,16
33204,80
33223,103
33225,5
33236,42
33246,126
33248,58
33257,111
33272,76
33284,0
33287,41
33292,53
33318,14
33319,14
33326,39
33345,27
33350,118
33351,66
33352,13
33362,20
33366,61
33378,15
33385,11
33395,90
33412,57
33413,60
33414,7
33415,57
33422,1
33425,68
33426,25
33430,3
33449,44
33456,7
33463,20
33468,82
33469,24
33475,5
33476,20
33478,29
33492,4
33493,42
33504,89
33515,125
33527,5
33540,63
33544,16
33546,71
33547,26
33550,63
33578,17
33582,46
33584,64
33596,48
33597,21
33607,103
33610,125
33619,7
33623,80
33628,123
33639,82
33648,20
33663,20
33683,25
33684,41
33710,69
33712,26
33721,88
33729,32
33738,88
33750,127
33752,50
33773,2
33778,53
33791,28
33793,4
33799,20
33817,18
33821,108
33822,23
33829,11
33835,91
33841,114
33847,19
33850,14
33855,4
33868,69
33877,82
33884,5
33897,4
33898,33
33906,103
33908,43
33912,17
33917,107
33921,84
33927,101
33944,55
33971,126
33982,6
33983,88
33987,13
33988,16
34007,55
34014,13
34026,112
34038,20
34058,41
34070,38
34080,9
34081,76
34082,26
34083,48
34101,53
34108,68
34111,39
34112,36
34115,42
34118,85
34131,5
34156,31
34160,5
34167,13
34170,20
34177,108
34197,93
34207,118
34212,4
34214,97
34215,60
34223,15
34225,21
34235,1
34248,38
34250,87
34254,40
34280,76
34287,20
34290,6
34295,0
34317,26
34323,69
34326,44
34332,42
34338,23
34348,17
34354,105
34357,111
34365,50
34366,2
34376,128
34385,28
34387,82
34388,10
34401,78
34408,1
34412,122
34414,38
34418,106
34424,20
34428,41
34440,21
34458,49
34468,127
34473,16
34481,89
34486,26
34488,28
34491,28
34495,25
34498,8
34502,100
34504,13
34512,27
34513,21
34526,27
34527,35
34529,37
34567,110
34573,0
34575,49
34577,24
34587,42
34589,0
34604,87
34608,47
34615,0
34616,37
34623,7
34628,16
34632,16
34644,20
34645,0
34649,63
34653,12
34666,2
34672,25
34681,56
34700,119
34702,18
34715,1
34734,42
34738,93
34739,39
34743,72
34752,14
34784,5
34795,89
34798,112
34803,5
34804,2
34823,85
34825,96
34826,43
34827,19
34832,54
34853,14
34862,75
34873,81
34874,117
34880,23
34903,45
34907,94
34918,34
34919,13
34921,44
34924,37
34928,128
34936,29
34943,111
34948,82
34950,23
34962,115
34991,87
35009,83
35021,40
35026,81
35065,42
35070,12
35072,3
35077,92
35092,89
35101,28
35106,107
35123,2
35126,112
35133,51
35146,41
35160,15
35166,115
35169,85
35173,41
35184,97
35203,49
35204,84
35211,15
35216,24
35217,17
35222,6
35223,18
35225,1
35229,3
35242,18
35256,1
35265,126
35269,19
35271,9
35282,17
35285,79
35289,31
35293,115
35296,2
35314,21
35316,60
35329,25
35349,108
35358,30
35363,1
35385,31
35388,41
35399,85
35401,30
35407,59
35410,20
35414,91
35420,47
35425,9
35453,17
35461,115
35473,6
35486,51
35537,23
35540,79
35543,31
35554,25
35566,57
35574,16
35596,28
35601,69
35606,16
35607,106
35614,89
35615,125
35616,43
35619,84
35622,24
35628,16
35634,87
35648,25
35657,14
35659,43
35663,126
35676,32
35683,41
35684,66
35696,23
35713,32
35728,41
35744,18
35764,9
35776,33
35777,88
35790,85
35792,63
35798,96
35803,26
35810,12
35832,112
35837,76
35838,45
35844,87
35847,50
35853,37
35855,48
35868,42
35873,51
35876,46
35877,26
35882,47
35889,4
35917,44
35918,30
35932,23
35948,32
35977,29
35978,89
35979,18
35981,18
35987,20
35989,7
36000,7
36010,94
36023,71
36024,50
36029,40
36050,29
36055,49
36056,20
36067,29
36070,26
36072,14
36074,13
36080,38
36100,94
36106,55
36110,36
36121,43
36128,115
36145,20
36147,73
36150,4
36152,19
36153,57
36160,30
36166,5
36169,6
36171,36
36173,10
36221,9
36226,13
36230,103
36242,31
36250,62
36251,68
36252,82
36257,121
36263,42
36269,4
36278,16
36280,46
36288,2
36295,3
36297,85
36301,84
36304,95
36310,4
36311,46
36324,3
36325,97
36327,84
36331,23
36333,118
36346,68
36350,19
36367,33
36368,100
36371,90
36399,88
36401,63
36406,23
36407,112
36421,37
36429,73
36455,7
36457,1
36466,10
36469,103
36470,26
36477,33
36479,14
36480,40
36482,42
36484,91
36489,74
36522,57
36526,29
36530,91
36533,129
36536,53
36541,8
36552,79
36565,103
36587,79
36602,53
36603,17
36611,123
36618,20
36638,91
36643,28
36646,83
36649,14
36660,16
36663,5
36690,44
36693,37
36694,13
36696,72
36708,13
36713,7
36723,85
36747,42
36768,0
36779,81
36799,114
36813,60
36814,88
36817,50
36824,55
36845,33
36850,67
36854,21
36855,68
36859,63
36875,0
36877,84
36881,46
36916,80
36920,15
36922,88
36926,74
36933,115
36935,77
36943,26
36945,84
36947,82
36953,108
36957,22
36962,87
36966,42
36977,3
37000,68
37001,87
37005,37
37021,11
37026,4
37027,95
37029,42
37034,25
37041,29
37043,27
37055,42
37061,46
37064,103
37066,1
37068,38
37071,99
37081,0
37101,2
37111,32
37113,89
37151,28
37152,79
37161,115
37173,46
37174,53
37175,101
37178,36
37180,3
37183,29
37198,95
37199,56
37214,58
37222,118
37239,16
37241,14
37250,21
37256,19
37269,88
37270,5
37280,10
37287,73
37295,46
37307,25
37308,79
37309,83
37329,6
37332,1
37341,13
37347,74
37348,32
37360,38
37367,26
37377,27
37382,55
37396,85
37399,6
37404,117
37408,26
37410,29
37418,75
37427,9
37450,88
37484,26
37497,78
37505,119
37519,115
37534,63
37554,75
37586,84
37587,44
37590,103
37594,111
37601,113
37604,115
37605,97
37635,63
37646,9
37662,49
37669,109
37675,118
37680,1
37684,21
37690,32
37699,55
37705,20
37709,13
37726,123
37747,30
37748,74
37749,41
37754,23
37757,34
37761,75
37765,104
37773,32
37785,86
37794,105
37797,4
37805,37
37812,44
37815,20
37831,85
37832,35
37834,103
37837,53
37841,29
37853,29
37861,83
37863,54
37871,102
37890,42
37896,51
37901,63
37906,88
37925,27
37928,56
37936,75
37947,30
37952,88
37962,1
37972,21
37978,68
37992,111
37998,12
38006,38
38010,21
38014,19
38017,15
38021,47
38035,110
38036,20
38038,112
38039,63
38066,41
38069,29
38080,19
38088,81
38098,76
38103,40
38119,2
38132,11
38136,14
38151,38
38160,16
38166,21
38169,9
38186,44
38187,28
38197,9
38199,113
38200,23
38217,13
38248,6
38256,4
38274,94
38281,86
38292,33
38302,52
38306,17
38315,115
38325,10
38330,56
38331,9
38339,60
38340,59
38346,86
38354,45
38369,87
38371,2
38373,84
38374,44
38382,44
38383,85
38394,108
38402,15
38425,93
38431,3
38448,42
38459,17
38467,80
38473,85
38480,14
38484,7
38495,68
38497,17
38506,111
38511,28
38513,92
38523,17
38525,45
38533,2
38537,62
38546,108
38548,0
38552,10
38562,3
38566,13
38567,113
38572,47
38589,13
38598,57
38607,25
38608,88
38620,128
38621,89
38632,14
38636,94
38646,70
38660,53
38668,44
38675,55
38712,51
38724,81
38725,39
38726,55
38744,39
38753,108
38762,38
38771,36
38773,26
38779,9
38789,4
38799,127
38815,86
38819,76
38824,4
38825,79
38826,61
38835,82
38837,21
38843,10
38855,82
38892,3
38894,81
38899,31
38910,10
38911,36
38961,13
38962,87
38964,2
38979,42
38982,91
38983,7
39027,49
39041,25
39045,21
39046,14
39057,28
39071,94
39082,57
39093,4
39097,100
39103,87
39108,71
39110,2
39113,12
39117,10
39126,11
39130,17
39148,16
39150,12
39155,82
39161,64
39182,14
39184,24
39197,23
39208,61
39221,29
39232,76
39239,36
39244,28
39245,127
39252,41
39257,42
39271,94
39272,41
39277,108
39278,11
39288,53
39289,46
39299,57
39304,82
39305,11
39306,53
39307,14
39320,37
39323,21
39327,97
39330,0
39339,28
39340,24
39343,25
39344,26
39361,43
39366,5
39377,18
39385,85
39387,28
39389,85
39400,92
39411,38
39416,3
39427,4
39429,50
39452,7
39458,1
39465,46
39478,7
39507,84
39509,91
39511,37
39515,6
39522,112
39524,25
39528,67
39551,11
39553,62
39563,0
39564,84
39579,29
39581,4
39592,125
39593,10
39595,2
39607,4
39608,3
39611,51
39612,32
39624,53
39626,16
39637,19
39677,24
39687,60
39688,20
39694,29
39697,82
39705,14
39717,49
39718,62
39723,112
39725,60
39734,41
39737,33
39753,29
39757,72
39758,5
39759,33
39764,32
39768,42
39777,15
39778,129
39791,26
39792,97
39801,59
39813,8
39818,113
39827,120
39828,9
39837,4
39867,20
39871,76
39876,33
39882,2
39887,90
39900,87
39916,114
39936,42
39937,103
39959,85
39964,81
39976,84
39977,42
39988,102
39996,73
